[
  {
    "id": "aedcbdd8-496b-4489-8b47-46fadfd5c535",
    "data": [
      {
        "text": "How much water should we drink per day?",
        "userDefined": false
      }
    ],
    "isTemplate": false,
    "count": 0,
    "updated": 1511976670
  },
  {
    "id": "7a29aee2-4bdd-4db4-977e-a94fd1df9bc8",
    "data": [
      {
        "text": "How much water should I drink?",
        "userDefined": false
      }
    ],
    "isTemplate": false,
    "count": 0,
    "updated": 1511976670
  },
  {
    "id": "d3bdae19-e9a9-43f1-9ea8-cee4520aad0a",
    "data": [
      {
        "text": "How much water to drink ?",
        "userDefined": false
      }
    ],
    "isTemplate": false,
    "count": 0,
    "updated": 1511976670
  },
  {
    "id": "b04a3779-fe47-4abf-8151-ba580f70e4fb",
    "data": [
      {
        "text": "How much water do I need to drink?",
        "userDefined": false
      }
    ],
    "isTemplate": false,
    "count": 0,
    "updated": 1511976670
  }
]