[
  {
    "id": "05a93d71-d651-4a30-8d25-050ffe6627bf",
    "data": [
      {
        "text": "How much did I drink?",
        "userDefined": false
      }
    ],
    "isTemplate": false,
    "count": 0,
    "updated": 0
  },
  {
    "id": "383b6ea1-230e-4fad-b628-28bf9bc10802",
    "data": [
      {
        "text": "How much water have I drunk ",
        "userDefined": false
      },
      {
        "text": "today",
        "meta": "@sys.ignore",
        "userDefined": false
      },
      {
        "text": "?",
        "userDefined": false
      }
    ],
    "isTemplate": false,
    "count": 0,
    "updated": 0
  },
  {
    "id": "16e5c747-feb1-485a-ab05-b6c844445f64",
    "data": [
      {
        "text": "How much water did I drink ",
        "userDefined": false
      },
      {
        "text": "today",
        "meta": "@sys.ignore",
        "userDefined": false
      },
      {
        "text": "?",
        "userDefined": false
      }
    ],
    "isTemplate": false,
    "count": 0,
    "updated": 0
  },
  {
    "id": "50eb1ea9-fd8f-42e2-a4da-62fd3fe33b88",
    "data": [
      {
        "text": "Did I drink any water ",
        "userDefined": false
      },
      {
        "text": "today",
        "meta": "@sys.ignore",
        "userDefined": false
      },
      {
        "text": "?",
        "userDefined": false
      }
    ],
    "isTemplate": false,
    "count": 0,
    "updated": 0
  }
]